Year,SARIMAX_Pred,Final GDP Forecast (%)
2025.0,6.85248617114862,6.687821038387618
2026.0,7.380884998508016,7.216219865747014
