Year,SARIMAX_Pred,Final GDP Forecast (%)
2027.0,7.410953218278358,7.246288085517357
2028.0,8.107856462900465,7.943191330139463
2029.0,7.358454812775868,7.193789680014866
2030.0,9.290499938250136,9.125834805489134
