Year,SARIMAX_Pred,Final GDP Forecast (%)
2027.0,7.060552283967169,6.895887151206168
2028.0,7.378320590696568,7.213655457935566
2029.0,6.731537983001431,6.566872850240429
2030.0,7.797088403477105,7.632423270716103
