Year,SARIMAX_Pred,Final GDP Forecast (%)
2027.0,7.091302555329484,6.926637422568483
2028.0,7.479281035551651,7.314615902790649
2029.0,7.181540332373906,7.016875199612905
2030.0,8.275081302298346,8.110416169537345
